id,name,brand,manufacturer
1,"All-New Fire HD 8 Tablet, 8 HD Display, Wi-Fi, 16 GB - Includes Special Offers, Magenta",Amazon,Amazon
2,"Kindle Oasis E-reader with Leather Charging Cover - Merlot, 6 High-Resolution Display (300 ppi), Wi-Fi - Includes Special Offers,,",Amazon,Amazon
3,"Amazon Kindle Lighted Leather Cover,,,
Amazon Kindle Lighted Leather Cover,,,",Amazon,Amazon
4,"Kindle Keyboard,,,
Kindle Keyboard,,,",Amazon,Amazon
5,"All-New Fire HD 8 Tablet, 8 HD Display, Wi-Fi, 32 GB - Includes Special Offers, Magenta",Amazon,Amazon
6,"Fire HD 8 Tablet with Alexa, 8 HD Display, 32 GB, Tangerine - with Special Offers,",Amazon,Amazon
7,"Amazon 5W USB Official OEM Charger and Power Adapter for Fire Tablets and Kindle eReaders,,,
Amazon 5W USB Official OEM Charger and Power Adapter for Fire Tablets and Kindle eReaders,,,",Amazon,Amazon
8,"Amazon Kindle Fire Hd (3rd Generation) 8gb,,,
Amazon Kindle Fire Hd (3rd Generation) 8gb,,,",Amazon,Amazon
9,"Fire Tablet, 7 Display, Wi-Fi, 8 GB - Includes Special Offers, Magenta",Amazon,Amazon
10,"Fire Tablet, 7 Display, Wi-Fi, 8 GB - Includes Special Offers, Magenta",Amazon,Amazon
11,"Brand New Amazon Kindle Fire 16gb 7 Ips Display Tablet Wifi 16 Gb Blue,,,",Amazon,Amazon
12,"Brand New Amazon Kindle Fire 16gb 7 Ips Display Tablet Wifi 16 Gb Blue,,,",Amazon,Amazon
13,"Brand New Amazon Kindle Fire 16gb 7 Ips Display Tablet Wifi 16 Gb Blue,,,",Amazon,Amazon
14,"Brand New Amazon Kindle Fire 16gb 7 Ips Display Tablet Wifi 16 Gb Blue,,,",Amazon,Amazon
15,"Brand New Amazon Kindle Fire 16gb 7 Ips Display Tablet Wifi 16 Gb Blue,,,",Amazon,Amazon
16,"Brand New Amazon Kindle Fire 16gb 7 Ips Display Tablet Wifi 16 Gb Blue,,,",Amazon,Amazon
17,"Fire Kids Edition Tablet, 7 Display, Wi-Fi, 16 GB, Green Kid-Proof Case",Amazon,Amazon
18,"Fire Kids Edition Tablet, 7 Display, Wi-Fi, 16 GB, Green Kid-Proof Case",Amazon,Amazon
19,"Amazon Kindle Paperwhite - eBook reader - 4 GB - 6 monochrome Paperwhite - touchscreen - Wi-Fi - black,,,",Amazon,Amazon
20,"Kindle Voyage E-reader, 6 High-Resolution Display (300 ppi) with Adaptive Built-in Light, PagePress Sensors, Wi-Fi - Includes Special Offers,",Amazon,Amazon
21,"Fire Tablet, 7 Display, Wi-Fi, 8 GB - Includes Special Offers, Black",Amazon,Amazon
22,"Fire Tablet, 7 Display, Wi-Fi, 8 GB - Includes Special Offers, Black",Amazon,Amazon
23,"Fire Tablet, 7 Display, Wi-Fi, 8 GB - Includes Special Offers, Black",Amazon,Amazon
24,"Fire Tablet, 7 Display, Wi-Fi, 8 GB - Includes Special Offers, Black",Amazon,Amazon
25,"Fire Tablet, 7 Display, Wi-Fi, 8 GB - Includes Special Offers, Black",Amazon,Amazon
26,"Fire Tablet, 7 Display, Wi-Fi, 8 GB - Includes Special Offers, Black",Amazon,Amazon
27,"Echo (White),,,
Echo (White),,,",Amazon,Amazon
28,"Echo (White),,,
Echo (White),,,",Amazon,Amazon
29,"Echo (White),,,
Echo (White),,,",Amazon,Amazon
30,"Echo (White),,,
Echo (White),,,",Amazon,Amazon
31,,Amazon,Amazon
32,,Amazon,Amazon
33,,Amazon,Amazon
34,,Amazon,Amazon
35,,Amazon,Amazon
36,,Amazon Fire,Amazon
37,,Amazon Echo,Amazon
38,,Amazon Coco T,Amazon
39,,Amazon Fire Tv,Amazon
40,,Amazon Digital Services Inc.,Amazon
41,,Amazon,"Amazon Digital Services, Inc"
42,,Amazon,"Amazon Digital Services, Inc"
43,AmazonBasics AAA Performance Alkaline Batteries (36 Count),Amazonbasics,AmazonBasics
44,AmazonBasics Nylon CD/DVD Binder (400 Capacity),Amazonbasics,AmazonBasics
45,Amazon Echo Show - Black,Amazon,Amazon
46,Echo Spot Pair Kit (Black),Amazon,Amazon
47,Fire TV Stick Streaming Media Player Pair Kit,Amazon,Amazon
48,AmazonBasics AA Performance Alkaline Batteries (48 Count) - Packaging May Vary,Amazonbasics,AmazonBasics
49,AmazonBasics Ventilated Adjustable Laptop Stand,Amazonbasics,AmazonBasics
50,AmazonBasics Backpack for Laptops up to 17-inches,Amazonbasics,AmazonBasics
51,AmazonBasics 11.6-Inch Laptop Sleeve,Amazonbasics,AmazonBasics
52,AmazonBasics 15.6-Inch Laptop and Tablet Bag,Amazonbasics,AmazonBasics
53,AmazonBasics External Hard Drive Case,Amazonbasics,AmazonBasics
54,Expanding Accordion File Folder Plastic Portable Document Organizer Letter Size,Amazonbasics,AmazonBasics
55,Cat Litter Box Covered Tray Kitten Extra Large Enclosed Hooded Hidden Toilet,Amazonbasics,AmazonBasics
56,Kindle PowerFast International Charging Kit (for accelerated charging in over 200 countries),Amazon,Amazon Digital Services
57,AmazonBasics Silicone Hot Handle Cover/Holder - Red,Amazonbasics,AmazonBasics
58,Amazon Kindle Charger Power Adapter Wall Charger And Usb Cable Micro Usb Cord,Amazon,Amazon Digital Services
59,Amazon Echo (1st Generationcertified) Color:White Free Shipping,Amazon,Amazon
60,AmazonBasics USB 3.0 Cable - A-Male to B-Male - 6 Feet (1.8 Meters),Amazonbasics,AmazonBasics
61,"Two Door Top Load Pet Kennel Travel Crate Dog Cat Pet Cage Carrier Box Tray 23""",Amazonbasics,AmazonBasics
62,Oem Amazon Kindle Power Usb Adapter Wall Travel Charger Fire/dx/+micro Usb Cable,Amazon,Amazon Digital Services
63,AmazonBasics 16-Gauge Speaker Wire - 100 Feet,Amazonbasics,AmazonBasics
64,Amazon Echo (2nd Generation) Smart Assistant Oak Finish Priority Shipping,Amazon,Amazon
65,AmazonBasics Nespresso Pod Storage Drawer - 50 Capsule Capacity,AmazonBasics,AmazonBasics
66,Certified Refurbished Amazon Echo,Amazon,Amazon
67,"All-new Echo (2nd Generation) with improved sound, powered by Dolby, and a new design Walnut Finish",Amazon,Amazon
68,"Fire Kids Edition Tablet, 7 Display, Wi-Fi, 16 GB, Pink Kid-Proof Case",Amazon,Amazon
69,"All-New Fire HD 8 Tablet, 8 HD Display, Wi-Fi, 32 GB - Includes Special Offers, Black",Amazon,Amazon
70,"All-New Fire 7 Tablet with Alexa, 7"" Display, 8 GB - Marine Blue",Amazon,Amazon
71,"All-New Fire HD 8 Tablet, 8 HD Display, Wi-Fi, 16 GB - Includes Special Offers, Blue",Amazon,Amazon
72,"All-New Fire HD 8 Tablet, 8 HD Display, Wi-Fi, 32 GB - Includes Special Offers, Blue",Amazon,Amazon
73,"Amazon Fire HD 8 with Alexa (8"" HD Display Tablet)",Amazon,Amazon
74,AmazonBasics Single-Door Folding Metal Dog Crate - Large (42x28x30 Inches),AmazonBasics,AmazonBasics
75,"All-New Kindle Oasis E-reader - 7 High-Resolution Display (300 ppi), Waterproof, Built-In Audible, 32 GB, Wi-Fi + Free Cellular Connectivity",Amazon,Amazon
76,AmazonBasics Double-Door Folding Metal Dog Crate - Medium (36x23x25 Inches),AmazonBasics,AmazonBasics
77,"All-New Fire HD 8 Kids Edition Tablet, 8 HD Display, 32 GB, Pink Kid-Proof Case",Amazon,Amazon
78,"All-New Fire HD 8 Kids Edition Tablet, 8 HD Display, 32 GB, Blue Kid-Proof Case",Amazon,Amazon
79,"All-New Fire HD 8 Tablet with Alexa, 8 HD Display, 16 GB, Marine Blue - with Special Offers",Amazon,Amazon
80,"All-New Fire HD 8 Tablet with Alexa, 8 HD Display, 32 GB, Marine Blue - with Special Offers",Amazon,Amazon
81,"Fire Tablet with Alexa, 7 Display, 16 GB, Magenta - with Special Offers",Amazon,Amazon
82,Echo Dot (Previous generation),Amazon,Amazon
83,"Kindle Oasis E-reader with Leather Charging Cover - Walnut, 6 High-Resolution Display (300 ppi), Wi-Fi - Includes Special Offers",Amazon,Amazon
84,"All-New Kindle Oasis E-reader - 7 High-Resolution Display (300 ppi), Waterproof, Built-In Audible, 8 GB, Wi-Fi - Includes Special Offers",Amazon,Amazon
85,"Kindle E-reader - White, 6 Glare-Free Touchscreen Display, Wi-Fi - Includes Special Offers",Amazon,Amazon
86,Amazon Fire TV Gaming Edition Streaming Media Player,Amazon,Amazon
87,"All-New Kindle Oasis E-reader - 7 High-Resolution Display (300 ppi), Waterproof, Built-In Audible, 32 GB, Wi-Fi - Includes Special Offers",Amazon,Amazon
88,AmazonBasics Bluetooth Keyboard for Android Devices - Black,AmazonBasics,AmazonBasics
89,Amazon Kindle Replacement Power Adapter (Fits Latest Generation Kindle and Kindle DX) For shipment in the U.S only,Amazon,Amazon.com
90,"Amazon Echo Show Alexa-enabled Bluetooth Speaker with 7"" Screen",Amazon,Amazon
91,Amazon Fire TV with 4K Ultra HD and Alexa Voice Remote (Pendant Design) | Streaming Media Player,Amazon,Amazon
92,Amazon - Echo Plus w/ Built-In Hub - Silver,Amazon,Amazon
